{
    "LightCNN": {
        "accuracy": 0.8316326530612245,
        "report": {
            "Green Chilli (Marcha)": {
                "precision": 0.95,
                "recall": 0.8351648351648352,
                "f1-score": 0.8888888888888888,
                "support": 91.0
            },
            "Ladies finger": {
                "precision": 0.8205128205128205,
                "recall": 0.9696969696969697,
                "f1-score": 0.8888888888888888,
                "support": 33.0
            },
            "Pointed gourd": {
                "precision": 0.6956521739130435,
                "recall": 0.64,
                "f1-score": 0.6666666666666666,
                "support": 25.0
            },
            "ivy guard": {
                "precision": 0.7714285714285715,
                "recall": 0.9,
                "f1-score": 0.8307692307692308,
                "support": 30.0
            },
            "peas": {
                "precision": 0.631578947368421,
                "recall": 0.7058823529411765,
                "f1-score": 0.6666666666666666,
                "support": 17.0
            },
            "accuracy": 0.8316326530612245,
            "macro avg": {
                "precision": 0.7738345026445712,
                "recall": 0.8101488315605962,
                "f1-score": 0.7883760683760683,
                "support": 196.0
            },
            "weighted avg": {
                "precision": 0.8408057483309667,
                "recall": 0.8316326530612245,
                "f1-score": 0.8323739752311182,
                "support": 196.0
            }
        },
        "confusion_matrix": [
            [
                76,
                1,
                3,
                7,
                4
            ],
            [
                0,
                32,
                0,
                1,
                0
            ],
            [
                3,
                6,
                16,
                0,
                0
            ],
            [
                0,
                0,
                0,
                27,
                3
            ],
            [
                1,
                0,
                4,
                0,
                12
            ]
        ]
    },
    "DeepCNN": {
        "accuracy": 0.9693877551020408,
        "report": {
            "Green Chilli (Marcha)": {
                "precision": 0.978021978021978,
                "recall": 0.978021978021978,
                "f1-score": 0.978021978021978,
                "support": 91.0
            },
            "Ladies finger": {
                "precision": 1.0,
                "recall": 0.9393939393939394,
                "f1-score": 0.96875,
                "support": 33.0
            },
            "Pointed gourd": {
                "precision": 0.9259259259259259,
                "recall": 1.0,
                "f1-score": 0.9615384615384616,
                "support": 25.0
            },
            "ivy guard": {
                "precision": 0.9333333333333333,
                "recall": 0.9333333333333333,
                "f1-score": 0.9333333333333333,
                "support": 30.0
            },
            "peas": {
                "precision": 1.0,
                "recall": 1.0,
                "f1-score": 1.0,
                "support": 17.0
            },
            "accuracy": 0.9693877551020408,
            "macro avg": {
                "precision": 0.9674562474562475,
                "recall": 0.9701498501498502,
                "f1-score": 0.9683287545787547,
                "support": 196.0
            },
            "weighted avg": {
                "precision": 0.9701436130007559,
                "recall": 0.9693877551020408,
                "f1-score": 0.9694245486656201,
                "support": 196.0
            }
        },
        "confusion_matrix": [
            [
                89,
                0,
                0,
                2,
                0
            ],
            [
                0,
                31,
                2,
                0,
                0
            ],
            [
                0,
                0,
                25,
                0,
                0
            ],
            [
                2,
                0,
                0,
                28,
                0
            ],
            [
                0,
                0,
                0,
                0,
                17
            ]
        ]
    },
    "GAPCNN": {
        "accuracy": 0.8520408163265306,
        "report": {
            "Green Chilli (Marcha)": {
                "precision": 0.9873417721518988,
                "recall": 0.8571428571428571,
                "f1-score": 0.9176470588235294,
                "support": 91.0
            },
            "Ladies finger": {
                "precision": 0.9565217391304348,
                "recall": 0.6666666666666666,
                "f1-score": 0.7857142857142857,
                "support": 33.0
            },
            "Pointed gourd": {
                "precision": 0.75,
                "recall": 0.96,
                "f1-score": 0.8421052631578947,
                "support": 25.0
            },
            "ivy guard": {
                "precision": 0.6744186046511628,
                "recall": 0.9666666666666667,
                "f1-score": 0.7945205479452054,
                "support": 30.0
            },
            "peas": {
                "precision": 0.7368421052631579,
                "recall": 0.8235294117647058,
                "f1-score": 0.7777777777777778,
                "support": 17.0
            },
            "accuracy": 0.8520408163265306,
            "macro avg": {
                "precision": 0.8210248442393308,
                "recall": 0.8548011204481792,
                "f1-score": 0.8235529866837388,
                "support": 196.0
            },
            "weighted avg": {
                "precision": 0.8822560846231413,
                "recall": 0.8520408163265306,
                "f1-score": 0.8548210409236651,
                "support": 196.0
            }
        },
        "confusion_matrix": [
            [
                78,
                0,
                4,
                5,
                4
            ],
            [
                0,
                22,
                3,
                8,
                0
            ],
            [
                0,
                1,
                24,
                0,
                0
            ],
            [
                0,
                0,
                0,
                29,
                1
            ],
            [
                1,
                0,
                1,
                1,
                14
            ]
        ]
    },
    "MultiScaleCNN": {
        "accuracy": 0.8214285714285714,
        "report": {
            "Green Chilli (Marcha)": {
                "precision": 0.9743589743589743,
                "recall": 0.8351648351648352,
                "f1-score": 0.8994082840236687,
                "support": 91.0
            },
            "Ladies finger": {
                "precision": 1.0,
                "recall": 0.5151515151515151,
                "f1-score": 0.68,
                "support": 33.0
            },
            "Pointed gourd": {
                "precision": 0.6756756756756757,
                "recall": 1.0,
                "f1-score": 0.8064516129032258,
                "support": 25.0
            },
            "ivy guard": {
                "precision": 0.6666666666666666,
                "recall": 1.0,
                "f1-score": 0.8,
                "support": 30.0
            },
            "peas": {
                "precision": 0.6842105263157895,
                "recall": 0.7647058823529411,
                "f1-score": 0.7222222222222222,
                "support": 17.0
            },